username,Password
loffiler0,d7EYiOn
lebertz1,Lp5k6I4
wcasazza2,1MzloITnR
vfletcher3,vT4fc9mYP
ameffin4,c0QE2FVHqg6
abaigent5,ZS7tTgpfQP2Q
baberhart6,BGyV1Hgh
dradeliffe7,afrXgyR
shelian8,XFHOz6xMRD
ishearstone9,UOCIPNr
sgooderea,VMi6vY4yvM
hsclaterb,dfcVeKX
cmayowc,aowgIrcoUx
rlandord,3FgS3mr5HM
kbroadye,1Cb9Kp
edudhillf,mdWAsZ9Om2
hgoningg,oaYYF0T0gR
ssilwoodh,Cn95Mhoi8c
abonnori,i8RuK3nXNMa9
sbunnj,E65jvNFbRtjx
tjaukovick,mAWnoA37
bkaesl,qEbqNgGAH
larkellm,FjQHJ5MSsB
bbarkesn,C8ycbAV
cchettero,1prWr91hbbBG
agorringep,Qk2WcW
adallicoatq,Rp43qUjbhwXP
ahamleyr,MKrSiI
dbrentons,ZjjJmU0
dpeppettt,RPCfd8
bbeloeu,kPJYfZ
rstowerv,1FfLgsxqw
fguerrew,0QkCiI
bcastellinox,cgpCBk
mokroyy,Is4FEr8yWYg
bundrellz,75gfzP
ebuzza10,5o93XP79j
lbaythrop11,2ovRT1
mmiller12,2JCkRM
dspurgin13,nxYHixz